INSERT INTO users (username, password, real_name, email, birthday, gender, other_gender, min_age, max_age, description, personality, pref_pers, is_admin)
VALUES ('admin','admin','Ad Min', 'a.min@mail.com','1960-02-27','0','1','40','50','hallo, ik ben een admin','E040I060N060S040T070F030J100P000','E070I030N020S030T070F040J050P050','1');
INSERT INTO users (username, password, real_name, email, birthday, gender, other_gender, min_age, max_age, description, personality, pref_pers, is_admin)
VALUES ('user1','user1pw','Jan Jansen', 'j.jansen@mail.com','1980-06-23','0','1','20','40','hallo, ik ben Jan','E040I060N060S040T030F070J100P000','E070I030N020S080T060F040J050P050','0');
INSERT INTO users (username, password, real_name, email, birthday, gender, other_gender, min_age, max_age, description, personality, pref_pers, is_admin)
VALUES ('user2','user2pw','Margriet de Jong', 'm.dejong@mail.com','1990-11-30','1','1','22','30','hallo, ik ben Margriet','E060I040N020S080T100F000J050P050','E030I070N020S080T040F060J030P070','0');
INSERT INTO users (username, password, real_name, email, birthday, gender, other_gender, min_age, max_age, description, personality, pref_pers, is_admin)
VALUES ('user3','user3pw','Fenne de Vries', 'f.devries@mail.com','1992-09-20','1','2','25','55','hallo, ik ben Fenne','E040I060N060S040T080F020J100P000','E020I080N020S080T030F070J030P070','0');
INSERT INTO users (username, password, real_name, email, birthday, gender, other_gender, min_age, max_age, description, personality, pref_pers, is_admin)
VALUES ('user4','user4pw','Esmee van de Berg', 'e.vandeberg@mail.com','1980-04-03','1','0','40','60','hallo, ik ben Esmee','E040I060N060S040T030F070J080P020','E070I030N060S040T050F050J020P080','0');
INSERT INTO users (username, password, real_name, email, birthday, gender, other_gender, min_age, max_age, description, personality, pref_pers, is_admin)
VALUES ('user5','user5pw','Nassira van Dijk', 'n.vandijk@mail.com','1970-03-12','1','0','30','45','hallo, ik ben Nassira','E040I060N050S050T030F070J100P000','E070I030N080S030T060F040J030P070','0');
INSERT INTO users (username, password, real_name, email, birthday, gender, other_gender, min_age, max_age, description, personality, pref_pers, is_admin)
VALUES ('user6','user6pw','Bram Bakker', 'b.bakker@mail.com','1992-07-30','0','0','21', '27','hallo, ik ben Bram','E070I030N020S080T060F040J050P050','E040I060N060S040T030F070J100P000','0');
INSERT INTO users (username, password, real_name, email, birthday, gender, other_gender, min_age, max_age, description, personality, pref_pers, is_admin)
VALUES ('user7','user7pw','Jason Janssen', 'j.janssen@mail.com','1982-05-06','0','1','18','25','hallo, ik ben Jason','E040I060N020S080T030F070J100P000','E040I060N020S080T060F040J040P060','0');
INSERT INTO users (username, password, real_name, email, birthday, gender, other_gender, min_age, max_age, description, personality, pref_pers, is_admin)
VALUES ('user8','user8pw','Nikki Smit', 'n.smit@mail.com','1980-02-24','1','0','22','30','hallo, ik ben Nikki','E070I030N060S040T050F050J020P080','E080I020N020S080T060F040J050P050','0');
INSERT INTO users (username, password, real_name, email, birthday, gender, other_gender, min_age, max_age, description, personality, pref_pers, is_admin)
VALUES ('user9','user9pw','Kaiden Visser', 'k.visser@mail.com','1984-01-27','0','1','30','50','hallo, ik ben Kaiden','E040I060N050S050T070F030J100P000','E070I030N040S060T060F040J050P050','0');
INSERT INTO users (username, password, real_name, email, birthday, gender, other_gender, min_age, max_age, description, personality, pref_pers, is_admin)
VALUES ('user10','user10pw','Liamm de Boer', 'l.deboer@mail.com','1983-02-24','0','0','40','70','hallo, ik ben Liamm','E040I060N030S070T030F070J100P000','E060I040N020S080T070F030J070P030','0');
INSERT INTO users (username, password, real_name, email, birthday, gender, other_gender, min_age, max_age, description, personality, pref_pers, is_admin)
VALUES ('user11','user11pw','Tim Mulder', 't.mulder@mail.com','1989-09-17','0','2','40', '50','hallo, ik ben Tim','E070I030N060S040T030F070J020P080','E060I040N020S080T020F080J030P070','0');
INSERT INTO users (username, password, real_name, email, birthday, gender, other_gender, min_age, max_age, description, personality, pref_pers, is_admin)
VALUES ('user12','user12pw','Elin Bos', 'e.bos@mail.com','1988-08-13','1','0','20','25','hallo, ik ben Elin','E040I060N040S060T060F040J100P000','E030I070N030S070T040F060J070P030','0');
INSERT INTO users (username, password, real_name, email, birthday, gender, other_gender, min_age, max_age, description, personality, pref_pers, is_admin)
VALUES ('user13','user13pw','Valerie Vos', 'v.vos@mail.com','1974-01-01','1','0','20','30','hallo, ik ben Valerie','E000I100N060S040T030F070J100P000','E070I030N020S080T060F040J050P050','0');
INSERT INTO users (username, password, real_name, email, birthday, gender, other_gender, min_age, max_age, description, personality, pref_pers, is_admin)
VALUES ('user14','user14pw','Olivier Peters', 'o.peters@mail.com','1991-10-12','0','1','18','30','hallo, ik ben Olivier','E030I070N020S080T040F060J070P030','E070I030N050S050T060F040J080P020','0');
INSERT INTO users (username, password, real_name, email, birthday, gender, other_gender, min_age, max_age, description, personality, pref_pers, is_admin)
VALUES ('user15','user15pw','Melissa Hendriks', 'm.hendriks@mail.com','1993-04-04','1','2','20','50','hallo, ik ben Melissa','E050I050N020S080T040F060J070P030','E080I020N020S080T060F040J070P030','0');
INSERT INTO users (username, password, real_name, email, birthday, gender, other_gender, min_age, max_age, description, personality, pref_pers, is_admin)
VALUES ('user16','user16pw','Henk van Leeuwen', 'h.vanleeuwen@mail.com','1989-10-13','0','2','30','40','hallo, ik ben Henk','E030I070N060S040T050F050J060P040','E030I070N020S080T040F060J070P030','0');

INSERT INTO likes(user_one, likes_two)
VALUES ('user16','user15');
INSERT INTO likes(user_one, likes_two)
VALUES ('user11','user12');
INSERT INTO likes(user_one, likes_two)
VALUES ('user12','user11');
INSERT INTO likes(user_one, likes_two)
VALUES ('user1','user3');

INSERT INTO brands(id, name)
VALUES ('1','Coca Cola');
INSERT INTO brands(id, name)
VALUES ('2','Fanta');
INSERT INTO brands(id, name)
VALUES ('3','Grolsch');
INSERT INTO brands(id, name)
VALUES ('4','Hertog Jan');
INSERT INTO brands(id, name)
VALUES ('5','Heiniken');
INSERT INTO brands(id, name)
VALUES ('6','Pepsi');
INSERT INTO brands(id, name)
VALUES ('7','Apple');
INSERT INTO brands(id, name)
VALUES ('8','Microsoft');
INSERT INTO brands(id, name)
VALUES ('9','Google');
INSERT INTO brands(id, name)
VALUES ('10','Volkswagen');
INSERT INTO brands(id, name)
VALUES ('11','Toyota');
INSERT INTO brands(id, name)
VALUES ('12','Citroën');
INSERT INTO brands(id, name)
VALUES ('13','Aston Martin');
INSERT INTO brands(id, name)
VALUES ('14','Porsche');
INSERT INTO brands(id, name)
VALUES ('15','Ferrari');
INSERT INTO brands(id, name)
VALUES ('16','Lamborghini');
INSERT INTO brands(id, name)
VALUES ('17','Samsung');
INSERT INTO brands(id, name)
VALUES ('18','Nokia');
INSERT INTO brands(id, name)
VALUES ('19','Sony');
INSERT INTO brands(id, name)
VALUES ('20','Disney');
INSERT INTO brands(id, name)
VALUES ('21','Dreamworks');
INSERT INTO brands(id, name)
VALUES ('22','Unox');
INSERT INTO brands(id, name)
VALUES ('23','Unilever');
INSERT INTO brands(id, name)
VALUES ('24','KPN');
INSERT INTO brands(id, name)
VALUES ('25','Ziggo');
INSERT INTO brands(id, name)
VALUES ('26','Xs4all');
INSERT INTO brands(id, name)
VALUES ('27','Coca Cola');
INSERT INTO brands(id, name)
VALUES ('28','Esprit');
INSERT INTO brands(id, name)
VALUES ('29','G-Star');
INSERT INTO brands(id, name)
VALUES ('30','Bijenkorf');
INSERT INTO brands(id, name)
VALUES ('31','Zara');
INSERT INTO brands(id, name)
VALUES ('32','Adidas');
INSERT INTO brands(id, name)
VALUES ('33','Nike');
INSERT INTO brands(id, name)
VALUES ('34','Gues');
INSERT INTO brands(id, name)
VALUES ('35','Diesel');
INSERT INTO brands(id, name)
VALUES ('36','Hugo Boss');
INSERT INTO brands(id, name)
VALUES ('37','TommyHilfiger');
INSERT INTO brands(id, name)
VALUES ('38','Lacoste');
INSERT INTO brands(id, name)
VALUES ('39','Rolex');
INSERT INTO brands(id, name)
VALUES ('40','Breil');
INSERT INTO brands(id, name)
VALUES ('41','Swatch');
INSERT INTO brands(id, name)
VALUES ('42','Seiko');
INSERT INTO brands(id, name)
VALUES ('43','Calvin Klein');
INSERT INTO brands(id, name)
VALUES ('44','Audi');
INSERT INTO brands(id, name)
VALUES ('45','BMW');
INSERT INTO brands(id, name)
VALUES ('46','Dacia');
INSERT INTO brands(id, name)
VALUES ('47','Bentley');
INSERT INTO brands(id, name)
VALUES ('48','Chevrolet');
INSERT INTO brands(id, name)
VALUES ('49','Gillette');
INSERT INTO brands(id, name)
VALUES ('50','Amazon');

INSERT INTO user_brands(id, username)
VALUES('1','user1');
INSERT INTO user_brands(id, username)
VALUES('7','user2');
INSERT INTO user_brands(id, username)
VALUES('6','user3');
INSERT INTO user_brands(id, username)
VALUES('5','user4');
INSERT INTO user_brands(id, username)
VALUES('4','user5');
INSERT INTO user_brands(id, username)
VALUES('3','user6');
INSERT INTO user_brands(id, username)
VALUES('13','user7');
INSERT INTO user_brands(id, username)
VALUES('21','user8');
INSERT INTO user_brands(id, username)
VALUES('13','user9');
INSERT INTO user_brands(id, username)
VALUES('12','user10');
INSERT INTO user_brands(id, username)
VALUES('43','user11');
INSERT INTO user_brands(id, username)
VALUES('31','user12');
INSERT INTO user_brands(id, username)
VALUES('21','user13');
INSERT INTO user_brands(id, username)
VALUES('11','user14');
INSERT INTO user_brands(id, username)
VALUES('13','user15');
INSERT INTO user_brands(id, username)
VALUES('12','user16');
INSERT INTO user_brands(id, username)
VALUES('32','user12');
INSERT INTO user_brands(id, username)
VALUES('34','user11');
INSERT INTO user_brands(id, username)
VALUES('12','user2');
INSERT INTO user_brands(id, username)
VALUES('23','user3');
INSERT INTO user_brands(id, username)
VALUES('43','user4');
INSERT INTO user_brands(id, username)
VALUES('23','user2');
INSERT INTO user_brands(id, username)
VALUES('45','user8');
INSERT INTO user_brands(id, username)
VALUES('5','user10');
INSERT INTO user_brands(id, username)
VALUES('6','user9');
INSERT INTO user_brands(id, username)
VALUES('4','admin');

INSERT INTO chat(user_one, user_two, message, time)
VALUES ('user3', 'user11', 'hey, hoe gaat het?', '2015-04-10-15:33:33');
INSERT INTO chat(user_one, user_two, message, time)
VALUES ('user11', 'user3', 'goed, met jou?', '2015-04-10-15:43:24'); 
INSERT INTO chat(user_one, user_two, message, time)
VALUES ('user3', 'user11', 'ook goed', '2015-04-10-15:55:55');
